city_id,lag,total_cells,observed_cells,observed_pct,positive_cells,positive_pct,zero_cells,zero_pct,unknown_cells,unknown_pct,share_denominator
129,1,420812,0,0.0,0,0.0,0,0.0,420812,100.0,all feature cells
129,2,420812,165011,39.21252245658394,70630,16.78421718011844,94381,22.4283052764655,255801,60.78747754341606,all feature cells
129,3,420812,223939,53.21592540136688,84973,20.19262758666578,138966,33.0232978147011,196873,46.78407459863312,all feature cells
129,4,420812,257351,61.15581304715645,90820,21.582084161098066,166531,39.57372888605838,163461,38.84418695284355,all feature cells
129,5,420812,280683,66.70033173958917,93967,22.329924051595487,186716,44.37040768799369,140129,33.299668260410826,all feature cells
129,6,420812,298250,70.87487999391652,96083,22.832761423153332,202167,48.04211857076319,122562,29.125120006083478,all feature cells
129,7,420812,311970,74.13524329154112,97612,23.19610657490756,214358,50.939136716633556,108842,25.864756708458884,all feature cells
129,8,420812,322964,76.74781137420035,98820,23.483170632016197,224144,53.264640742184156,97848,23.252188625799644,all feature cells
129,9,420812,331862,78.86229480147905,99839,23.725321521249395,232023,55.136973280229654,88950,21.137705198520955,all feature cells
129,10,420812,338990,80.5561628470671,100631,23.91352908187029,238359,56.64263376519681,81822,19.4438371529329,all feature cells
129,11,420812,344842,81.9468076005437,101260,24.063002005646226,243582,57.88380559489748,75970,18.05319239945629,all feature cells
129,12,420812,349682,83.09696491544918,101786,24.187998441109094,247896,58.90896647434008,71130,16.903035084550822,all feature cells
129,13,420812,353762,84.06651901561743,102251,24.29849909223121,251511,59.76801992338621,67050,15.933480984382575,all feature cells
129,14,420812,353676,84.04608233605505,102235,24.294696919289375,251441,59.75138541676568,67136,15.953917663944944,all feature cells
129,15,420812,353589,84.02540802068383,102220,24.291132382156402,251369,59.73427563852742,67223,15.974591979316179,all feature cells
129,16,420812,353497,84.00354552626827,102211,24.28899365987662,251286,59.714551866391645,67315,15.996454473731738,all feature cells
129,17,420812,353404,83.98144539604384,102198,24.285904394361378,251206,59.695541001682464,67408,16.01855460395616,all feature cells
129,18,420812,353310,83.95910763001055,102193,24.284716215317054,251117,59.674391414693496,67502,16.04089236998945,all feature cells
129,19,420812,353251,83.94508711728753,102189,24.283765672081593,251062,59.661321445205935,67561,16.054912882712472,all feature cells
129,20,420812,353190,83.93059133294678,102181,24.281864585610677,251009,59.648726747336106,67622,16.06940866705322,all feature cells
129,21,420812,353129,83.91609554860602,102170,24.279250591713165,250959,59.636844956892865,67683,16.083904451393973,all feature cells
129,22,420812,353066,83.90112449264755,102157,24.276161326197922,250909,59.624963166449625,67746,16.098875507352453,all feature cells
129,23,420812,353005,83.8866287083068,102138,24.27164624582949,250867,59.61498246247731,67807,16.113371291693202,all feature cells
129,24,420812,352943,83.87189528815718,102120,24.267368801269924,250823,59.60452648688726,67869,16.12810471184282,all feature cells
129,168,420812,343066,81.52476640399989,99475,23.638822086822618,243591,57.88594431717727,77746,18.475233596000113,all feature cells
194,1,260239,0,0.0,0,0.0,0,0.0,260239,100.0,all feature cells
194,2,260239,130357,50.09126226276615,68312,26.249716606657728,62045,23.841545656108423,129882,49.90873773723385,all feature cells
194,3,260239,169419,65.1013107182244,79152,30.415118410384302,90267,34.6861923078401,90820,34.898689281775596,all feature cells
194,4,260239,190062,73.03363446677862,83084,31.926037219632722,106978,41.10759724714589,70177,26.966365533221385,all feature cells
194,5,260239,203602,78.23654409984668,85044,32.679191051302844,118558,45.55735304854384,56637,21.76345590015332,all feature cells
194,6,260239,213361,81.98655850967764,86361,33.185264314726076,127000,48.801294194951566,46878,18.013441490322357,all feature cells
194,7,260239,220619,84.77553325981117,87297,33.54493369556446,133322,51.23059956424671,39620,15.224466740188827,all feature cells
194,8,260239,226076,86.87245186155803,88100,33.8534962092538,137976,53.01895565230423,34163,13.12754813844197,all feature cells
194,9,260239,230055,88.40143099228017,88623,34.054465318418835,141432,54.346965673861334,30184,11.598569007719826,all feature cells
194,10,260239,233063,89.5572915665984,89002,34.200100676685665,144061,55.35719088991274,27176,10.442708433401604,all feature cells
194,11,260239,235349,90.43571486210753,89297,34.313458013595195,146052,56.12225684851233,24890,9.564285137892476,all feature cells
194,12,260239,237111,91.1127847862926,89522,34.39991699937365,147589,56.71286778691895,23128,8.8872152137074,all feature cells
194,13,260239,238514,91.65190459539116,89677,34.459477634021034,148837,57.192426961370124,21725,8.34809540460884,all feature cells
194,14,260239,238465,91.63307574959941,89663,34.45409796379482,148802,57.178977785804584,21774,8.366924250400594,all feature cells
194,15,260239,238414,91.61347837948962,89648,34.44833403140959,148766,57.165144348080034,21825,8.386521620510377,all feature cells
194,16,260239,238361,91.59311248506181,89632,34.44218583686534,148729,57.15092664819647,21878,8.406887514938191,all feature cells
194,17,260239,238301,91.57005675552088,89624,34.43911173959322,148677,57.130945015927665,21938,8.429943244479114,all feature cells
194,18,260239,238235,91.54469545302587,89614,34.43526911800306,148621,57.1094263350228,22004,8.455304546974128,all feature cells
194,19,260239,238191,91.52778791802919,89611,34.43411633152602,148580,57.09367158650318,22048,8.472212081970804,all feature cells
194,20,260239,238147,91.51088038303251,89604,34.43142649641291,148543,57.07945388661961,22092,8.48911961696748,all feature cells
194,21,260239,238083,91.48628760485553,89590,34.4260468261867,148493,57.06024077866884,22156,8.513712395144463,all feature cells
194,22,260239,238038,91.46899580769984,89576,34.42066715596048,148462,57.04832865173936,22201,8.531004192300156,all feature cells
194,23,260239,237993,91.45170401054415,89559,34.41413469925722,148434,57.03756931128693,22246,8.548295989455847,all feature cells
194,24,260239,237908,91.41904172702785,89533,34.40414388312282,148375,57.014897843905025,22331,8.580958272972152,all feature cells
194,168,260239,231128,88.81374428890366,87167,33.494979614892465,143961,55.3187646740112,29111,11.186255711096338,all feature cells
438,1,238091,0,0.0,0,0.0,0,0.0,238091,100.0,all feature cells
438,2,238091,87141,36.599871477712306,40868,17.164865534606516,46273,19.435005943105786,150950,63.400128522287694,all feature cells
438,3,238091,118751,49.87630779827881,49271,20.694188356552747,69480,29.182119441726062,119340,50.12369220172119,all feature cells
438,4,238091,136117,57.17015762880579,52501,22.05081250446258,83616,35.11934512434321,101974,42.82984237119421,all feature cells
438,5,238091,147838,62.093065256561566,54186,22.758525101746812,93652,39.33454015481475,90253,37.906934743438434,all feature cells
438,6,238091,156657,65.79711118857915,55297,23.22515340773066,101360,42.5719577808485,81434,34.20288881142084,all feature cells
438,7,238091,163483,68.66408222066353,56038,23.536378947545266,107445,45.127703273118264,74608,31.335917779336473,all feature cells
438,8,238091,168912,70.94430280859,56629,23.784603365939915,112283,47.15969944265008,69179,29.055697191410008,all feature cells
438,9,238091,173200,72.74529486624861,57130,23.995027111482585,116070,48.750267754766035,64891,27.25470513375138,all feature cells
438,10,238091,176530,74.14391976177176,57543,24.168490199125543,118987,49.97542956264621,61561,25.85608023822824,all feature cells
438,11,238091,179122,75.2325791399087,57840,24.293232419537066,121282,50.939346720371624,58969,24.76742086009131,all feature cells
438,12,238091,181165,76.09065441364856,58055,24.38353402690568,123110,51.707120386742886,56926,23.90934558635144,all feature cells
438,13,238091,182815,76.78366674926814,58223,24.454095282896034,124592,52.3295714663721,55276,23.216333250731864,all feature cells
438,14,238091,182769,76.76434640536601,58206,24.446955155801774,124563,52.317391249564245,55322,23.235653594633984,all feature cells
438,15,238091,182725,76.74586607641616,58196,24.442755081040442,124529,52.30311099537572,55366,23.25413392358384,all feature cells
438,16,238091,182681,76.7273857474663,58182,24.43687497637458,124499,52.290510771091725,55410,23.272614252533696,all feature cells
438,17,238091,182635,76.70806540356418,58174,24.433514916565514,124461,52.27455048699867,55456,23.291934596435816,all feature cells
438,18,238091,182586,76.68748503723366,58169,24.43141487918485,124417,52.256070158048814,55505,23.312514962766336,all feature cells
438,19,238091,182537,76.66690467090314,58163,24.42889483432805,124374,52.23800983657509,55554,23.333095329096857,all feature cells
438,20,238091,182486,76.64548428962036,58151,24.423854744614456,124335,52.221629545005904,55605,23.354515710379644,all feature cells
438,21,238091,182435,76.62406390833758,58137,24.417974639948593,124298,52.20608926838898,55656,23.37593609166243,all feature cells
438,22,238091,182383,76.60222351957864,58121,24.411254520330463,124262,52.190968999248184,55708,23.397776480421353,all feature cells
438,23,238091,182332,76.58080313829586,58109,24.406214430616863,124223,52.174588707679,55759,23.419196861704137,all feature cells
438,24,238091,182282,76.5598027644892,58094,24.39991431847487,124188,52.15988844601434,55809,23.44019723551079,all feature cells
438,168,238091,176199,74.00489728717172,55788,23.431377078511996,120411,50.573520208659716,61892,25.995102712828288,all feature cells
467,1,155036,0,0.0,0,0.0,0,0.0,155036,100.0,all feature cells
467,2,155036,71356,46.0254392528187,37958,24.483345803555302,33398,21.542093449263398,83680,53.9745607471813,all feature cells
467,3,155036,92321,59.54810495626822,43696,28.184421682705953,48625,31.36368327356227,62715,40.45189504373178,all feature cells
467,4,155036,103540,66.7844887639,45746,29.5066952191749,57794,37.2777935447251,51496,33.2155112361,all feature cells
467,5,155036,111315,71.79945303026393,46805,30.189762377770325,64510,41.60969065249361,43721,28.20054696973606,all feature cells
467,6,155036,117335,75.68242214711422,47516,30.648365540906628,69819,45.03405660620759,37701,24.31757785288578,all feature cells
467,7,155036,122076,78.74042157950412,48018,30.972161304471218,74058,47.768260275032894,32960,21.259578420495885,all feature cells
467,8,155036,125909,81.21275058696045,48381,31.206300472148403,77528,50.00645011481205,29127,18.787249413039554,all feature cells
467,9,155036,129065,83.24840682164142,48681,31.399803916509715,80384,51.84860290513171,25971,16.751593178358576,all feature cells
467,10,155036,131705,84.95123713202095,48939,31.56621687866044,82766,53.38502025336051,23331,15.04876286797905,all feature cells
467,11,155036,133842,86.32962666735467,49180,31.721664645630693,84662,54.607962021723985,21194,13.67037333264532,all feature cells
467,12,155036,135593,87.45904177094353,49397,31.86163213705204,86196,55.59740963389148,19443,12.540958229056477,all feature cells
467,13,155036,137044,88.39495343017106,49584,31.982249284037255,87460,56.4127041461338,17992,11.605046569828943,all feature cells
467,14,155036,137018,88.37818313165974,49575,31.976444180706416,87443,56.40173895095333,18018,11.621816868340256,all feature cells
467,15,155036,136992,88.36141283314844,49567,31.97128408885678,87425,56.39012874429165,18044,11.63858716685157,all feature cells
467,16,155036,136966,88.34464253463712,49560,31.966769008488352,87406,56.37787352614877,18070,11.655357465362883,all feature cells
467,17,155036,136939,88.3272272246446,49557,31.964833974044737,87382,56.36239325059986,18097,11.672772775355401,all feature cells
467,18,155036,136900,88.30207177687763,49548,31.959028870713897,87352,56.34304290616373,18136,11.697928223122371,all feature cells
467,19,155036,136871,88.2833664439227,49545,31.957093836270285,87326,56.32627260765241,18165,11.716633556077298,all feature cells
467,20,155036,136827,88.25498593874971,49537,31.95193374442065,87290,56.30305219432906,18209,11.74501406125029,all feature cells
467,21,155036,136794,88.23370055986996,49531,31.948063675533426,87263,56.28563688433654,18242,11.766299440130034,all feature cells
467,22,155036,136761,88.21241518099022,49522,31.942258572202586,87239,56.27015660878764,18275,11.787584819009778,all feature cells
467,23,155036,136725,88.18919476766686,49515,31.937743491834155,87210,56.25145127583271,18311,11.810805232333136,all feature cells
467,24,155036,136689,88.1659743543435,49508,31.933228411465723,87181,56.232745942877784,18347,11.834025645656492,all feature cells
467,168,155036,132765,85.63494930209758,47946,30.925720477824505,84819,54.70922882427307,22271,14.365050697902422,all feature cells
476,1,404201,0,0.0,0,0.0,0,0.0,404201,100.0,all feature cells
476,2,404201,162794,40.275506493056675,70650,17.47892756326679,92144,22.79657892978988,241407,59.724493506943325,all feature cells
476,3,404201,223748,55.355627521950716,85621,21.18277787536399,138127,34.17284964658672,180453,44.644372478049284,all feature cells
476,4,404201,257627,63.737348497405996,91624,22.667930064497614,166003,41.06941843290838,146574,36.262651502594004,all feature cells
476,5,404201,280823,69.47607749609723,94794,23.4521933394524,186029,46.02388415664484,123378,30.52392250390276,all feature cells
476,6,404201,298306,73.8014007882217,96819,23.953181709100175,201487,49.84821907912153,105895,26.198599211778298,all feature cells
476,7,404201,312134,77.22247099833993,98322,24.325026410127634,213812,52.8974445882123,92067,22.777529001660064,all feature cells
476,8,404201,323132,79.9433944992714,99483,24.612259742059024,223649,55.331134757212375,81069,20.056605500728597,all feature cells
476,9,404201,331940,82.1225083559912,100449,24.851249749505815,231491,57.27125860648539,72261,17.8774916440088,all feature cells
476,10,404201,339012,83.87213292396605,101219,25.04174903080398,237793,58.830383893162065,65189,16.127867076033954,all feature cells
476,11,404201,344681,85.2746529573158,101841,25.195632865826656,242840,60.079020091489134,59520,14.72534704268421,all feature cells
476,12,404201,349212,86.39562989700669,102263,25.300036368044612,246949,61.09559352896208,54989,13.604370102993313,all feature cells
476,13,404201,352934,87.3164588905025,102648,25.395286008693695,250286,61.9211728818088,51267,12.683541109497503,all feature cells
476,14,404201,352845,87.2944401424044,102624,25.38934836875713,250221,61.90509177364727,51356,12.705559857595603,all feature cells
476,15,404201,352751,87.27118438598617,102597,25.382668523828492,250154,61.88851586215769,51450,12.72881561401382,all feature cells
476,16,404201,352687,87.25535067948867,102586,25.37994710552423,250101,61.87540357396444,51514,12.74464932051133,all feature cells
476,17,404201,352622,87.23926957132714,102579,25.378215293876067,250043,61.86105427745107,51579,12.760730428672863,all feature cells
476,18,404201,352557,87.2231884631656,102574,25.37697828555595,249983,61.846210177609656,51644,12.776811536834396,all feature cells
476,19,404201,352492,87.20710735500407,102569,25.375741277235832,249923,61.83136607776824,51709,12.79289264499593,all feature cells
476,20,404201,352427,87.19102624684254,102561,25.373762063923643,249866,61.8172641829189,51774,12.808973753157463,all feature cells
476,21,404201,352361,87.17469773701698,102552,25.37153544894743,249809,61.80316228806955,51840,12.825302262983021,all feature cells
476,22,404201,352296,87.15861662885544,102546,25.37005103896329,249750,61.78856558989216,51905,12.841383371144554,all feature cells
476,23,404201,352228,87.14179331570185,102527,25.36535040734684,249701,61.776442908355,51973,12.858206684298159,all feature cells
476,24,404201,352163,87.1257122075403,102507,25.360402374066368,249656,61.76530983347394,52038,12.874287792459691,all feature cells
476,168,404201,343068,84.87559407324574,100255,24.80325382668524,242813,60.0723402465605,61133,15.124405926754264,all feature cells
532,1,238091,0,0.0,0,0.0,0,0.0,238091,100.0,all feature cells
532,2,238091,162452,68.23105451277033,136083,57.15587737461727,26369,11.075177138153059,75639,31.768945487229672,all feature cells
532,3,238091,179502,75.39218198083925,138548,58.1911958032853,40954,17.20098617755396,58589,24.607818019160742,all feature cells
532,4,238091,192225,80.73593709968037,139793,58.71410511107098,52432,22.021831988609396,45866,19.264062900319626,all feature cells
532,5,238091,202831,85.19053639154777,140732,59.108492131159935,62099,26.082044260387836,35260,14.80946360845223,all feature cells
532,6,238091,211871,88.98740397579077,141468,59.41761763359388,70403,29.569786342196892,26220,11.01259602420923,all feature cells
532,7,238091,219486,92.18576090654413,142183,59.71792297902903,77303,32.46783792751511,18605,7.814239093455863,all feature cells
532,8,238091,225656,94.77720703428521,142604,59.89474612648105,83052,34.88246090780416,12435,5.22279296571479,all feature cells
532,9,238091,230601,96.85414400376327,145079,60.93426462991041,85522,35.91987937385286,7490,3.145855996236733,all feature cells
532,10,238091,231874,97.38881352088067,145557,61.135028203502024,86317,36.25378531737865,6217,2.611186479119328,all feature cells
532,11,238091,232295,97.5656366683327,145651,61.17450890625853,86644,36.39112776207416,5796,2.4343633316673037,all feature cells
532,12,238091,232461,97.63535790937078,145660,61.17828897354373,86801,36.45706893582706,5630,2.3646420906292134,all feature cells
532,13,238091,232565,97.67903868688863,145639,61.169468816544935,86926,36.50956987034369,5526,2.3209613131113733,all feature cells
532,14,238091,232522,97.6609783654149,145604,61.15476855488028,86918,36.50620981053463,5569,2.339021634585096,all feature cells
532,15,238091,232479,97.64291804394118,145572,61.14132831564402,86907,36.50158972829716,5612,2.357081956058818,all feature cells
532,16,238091,232436,97.62485772246745,145541,61.128308083883894,86895,36.496549638583566,5655,2.37514227753254,all feature cells
532,17,238091,232393,97.60679740099374,145517,61.1182279044567,86876,36.48856949653704,5698,2.3932025990062624,all feature cells
532,18,238091,232350,97.58873707952002,145501,61.11150778483857,86849,36.47722929468144,5741,2.4112629204799845,all feature cells
532,19,238091,232307,97.57067675804629,145501,61.11150778483857,86806,36.459168973207724,5784,2.429323241953707,all feature cells
532,20,238091,232264,97.55261643657258,145500,61.111087777362435,86764,36.441528659210135,5827,2.447383563427429,all feature cells
532,21,238091,232221,97.53455611509885,145499,61.110667769886305,86722,36.423888345212546,5870,2.465443884901151,all feature cells
532,22,238091,232178,97.51649579362513,145499,61.110667769886305,86679,36.40582802373882,5913,2.4835042063748736,all feature cells
532,23,238091,232135,97.4984354721514,145496,61.10940774745791,86639,36.3890277246935,5956,2.5015645278485956,all feature cells
532,24,238091,232092,97.48037515067769,145496,61.10940774745791,86596,36.37096740321978,5999,2.519624849322318,all feature cells
532,168,238091,225901,94.88010886593781,141750,59.536059741863404,84151,35.34404912407441,12190,5.119891134062186,all feature cells
619,1,481719,0,0.0,0,0.0,0,0.0,481719,100.0,all feature cells
619,2,481719,222789,46.24874667596669,109300,22.689576288251033,113489,23.55917038771566,258930,53.75125332403331,all feature cells
619,3,481719,298125,61.887739532798165,129264,26.833901091715294,168861,35.053838441082874,183594,38.112260467201835,all feature cells
619,4,481719,338044,70.17452083060871,137035,28.447082220132483,201009,41.727438610476234,143675,29.825479169391283,all feature cells
619,5,481719,364574,75.68188093058401,141137,29.29861599812339,223437,46.38326493246063,117145,24.31811906941599,all feature cells
619,6,481719,383870,79.68753567951441,143822,29.855994884984813,240048,49.83154079452959,97849,20.312464320485596,all feature cells
619,7,481719,398386,82.70091069690007,145715,30.24896256946477,252671,52.45194812743529,83333,17.29908930309994,all feature cells
619,8,481719,409446,84.99685501298475,147182,30.553496955694087,262264,54.44335805729066,72273,15.003144987015252,all feature cells
619,9,481719,417953,86.76282230927158,148395,30.805303506816216,269558,55.957518802455375,63766,13.237177690728412,all feature cells
619,10,481719,424325,88.08558516479525,149259,30.984661182141455,275066,57.10092398265379,57394,11.914414835204756,all feature cells
619,11,481719,429157,89.08865957124381,149972,31.13267278226518,279185,57.955986788978635,52562,10.911340428756183,all feature cells
619,12,481719,432808,89.84657030343416,150491,31.240411941401522,282317,58.60615836203264,48911,10.15342969656584,all feature cells
619,13,481719,435651,90.43674839481108,150855,31.315974665728362,284796,59.12077372908272,46068,9.563251605188917,all feature cells
619,14,481719,435541,90.41391350559144,150830,31.31078491817844,284711,59.103128587412996,46178,9.586086494408566,all feature cells
619,15,481719,435430,90.39087102646978,150811,31.3068407100405,284619,59.084030316429285,46289,9.609128973530211,all feature cells
619,16,481719,435316,90.36720577764216,150788,31.302066142294574,284528,59.06513963534758,46403,9.632794222357848,all feature cells
619,17,481719,435195,90.34208739950054,150766,31.297499164450645,284429,59.04458823504989,46524,9.657912600499461,all feature cells
619,18,481719,435113,90.3250650275368,150763,31.296876394744654,284350,59.028188632792144,46606,9.6749349724632,all feature cells
619,19,481719,435033,90.30845783537706,150749,31.293970136116698,284284,59.01448769926036,46686,9.691542164622945,all feature cells
619,20,481719,434951,90.29143546341332,150736,31.29127146739074,284215,59.00016399602258,46768,9.708564536586682,all feature cells
619,21,481719,434870,90.27462068135158,150718,31.2875348491548,284152,58.987085832196776,46849,9.725379318648423,all feature cells
619,22,481719,434789,90.25780589928983,150701,31.284005820820852,284088,58.97380007846898,46930,9.742194100710165,all feature cells
619,23,481719,434708,90.24099111722809,150683,31.28026920258491,284025,58.96072191464319,47011,9.759008882771907,all feature cells
619,24,481719,434628,90.22438392506835,150660,31.27549463483898,283968,58.94888929022937,47091,9.775616074931651,all feature cells
619,168,481719,422828,87.77482308150603,146592,30.43101891351597,276236,57.34380416799005,58891,12.225176918493977,all feature cells
658,1,697662,0,0.0,0,0.0,0,0.0,697662,100.0,all feature cells
658,2,697662,244270,35.01265655862008,113711,16.298866786495466,130559,18.71378977212461,453392,64.98734344137992,all feature cells
658,3,697662,339869,48.71542380121033,136252,19.52980096379049,203617,29.18562283741984,357793,51.28457619878967,all feature cells
658,4,697662,394041,56.480215347833195,144653,20.73396573125668,249388,35.746249616576506,303621,43.519784652166805,all feature cells
658,5,697662,432243,61.955932815604115,148906,21.343573248937165,283337,40.61235956666695,265419,38.044067184395885,all feature cells
658,6,697662,462509,66.29413670229997,151476,21.711946472647213,311033,44.58219022965275,235153,33.705863297700034,all feature cells
658,7,697662,487781,69.91652118074369,153383,21.98528800479315,334398,47.93123317595053,209881,30.083478819256317,all feature cells
658,8,697662,509000,72.95796531844934,154997,22.21663212271845,354003,50.74133319573088,188662,27.042034681550664,all feature cells
658,9,697662,526774,75.50561733332187,156564,22.44123945406228,370210,53.06437787925958,170888,24.494382666678135,all feature cells
658,10,697662,541329,77.5918711353062,158046,22.653663235205588,383283,54.93820790010062,156333,22.40812886469379,all feature cells
658,11,697662,552887,79.24854729080845,159333,22.838136518830034,393554,56.410410771978405,144775,20.751452709191557,all feature cells
658,12,697662,561957,80.54860376514702,160427,22.99494597670505,401530,57.55365778844197,135705,19.45139623485298,all feature cells
658,13,697662,569035,81.56313515713913,161337,23.125381631793047,407698,58.43775352534608,128627,18.43686484286087,all feature cells
658,14,697662,568809,81.5307412471942,161281,23.11735482224917,407528,58.41338642494503,128853,18.4692587528058,all feature cells
658,15,697662,568537,81.49175388655252,161246,23.112338066284245,407291,58.37941582026827,129125,18.508246113447488,all feature cells
658,16,697662,568237,81.44875312113889,161217,23.108181325627598,407020,58.340571795511295,129425,18.55124687886111,all feature cells
658,17,697662,567853,81.39371214140945,161183,23.103307905547386,406670,58.29040423586206,129809,18.606287858590548,all feature cells
658,18,697662,567355,81.32233087082284,161135,23.096427783081207,406220,58.22590308774163,130307,18.677669129177165,all feature cells
658,19,697662,566787,81.24091608830638,161091,23.090121004153875,405696,58.1507950841525,130875,18.75908391169363,all feature cells
658,20,697662,566297,81.17068150479746,161028,23.081090843417012,405269,58.08959066138044,131365,18.829318495202546,all feature cells
658,21,697662,565735,81.09012673758926,160955,23.07062732383303,404780,58.01949941375623,131927,18.909873262410738,all feature cells
658,22,697662,565305,81.02849230716306,160913,23.064607216675125,404392,57.96388509048794,132357,18.971507692836934,all feature cells
658,23,697662,565044,80.99108164125322,160872,23.058730445401928,404172,57.93235119585129,132618,19.008918358746786,all feature cells
658,24,697662,564817,80.95854439542357,160842,23.054430368860565,403975,57.90411402656301,132845,19.041455604576427,all feature cells
658,168,697662,546165,78.28504347377384,155538,22.294176836347688,390627,55.990866637426144,151497,21.714956526226167,all feature cells
